met	id	time	condition	well nr	value
Taurine	22	6.5	0	well 7	1.126080e+01
Taurine	23	6.5	6	well 8	1.134380e+01
Taurine	24	6.5	22	well 9	1.060760e+01
Taurine	34	23.25	0	well 4	9.818600e+00
Taurine	35	23.25	6	well 5	9.599400e+00
Taurine	36	23.25	22	well 6	9.357700e+00
Taurine	37	23.25	0	well 7	9.700300e+00
Taurine	38	23.25	6	well 8	9.753300e+00
Taurine	39	23.25	22	well 9	9.007400e+00
Taurine	40	23.25	0	well 10	9.653300e+00
Taurine	41	23.25	6	well 11	9.341400e+00
Taurine	42	23.25	22	well 12	9.499400e+00
Taurine	49	30.25	0	well 7	9.465100e+00
Taurine	50	30.25	6	well 8	8.739600e+00
Taurine	51	30.25	22	well 9	7.906000e+00
Taurine	52	30.25	0	well 10	9.857600e+00
Taurine	53	30.25	6	well 11	8.307700e+00
Taurine	54	30.25	22	well 12	8.692100e+00
Taurine	55	30.25	0	well 13	9.417200e+00
Taurine	56	30.25	6	well 14	8.466700e+00
Taurine	57	30.25	22	well 15	7.786700e+00
Taurine	61	47.5	0	well 7	8.764500e+00
Taurine	62	47.5	6	well 8	7.420100e+00
Taurine	63	47.5	22	well 9	6.788000e+00
Taurine	64	47.5	0	well 10	9.183900e+00
Taurine	65	47.5	6	well 11	6.384200e+00
Taurine	66	47.5	22	well 12	7.488800e+00
Taurine	67	47.5	0	well 13	8.950400e+00
Taurine	68	47.5	6	well 14	7.368900e+00
Taurine	69	47.5	22	well 15	7.817000e+00
Aspartic acid	22	6.5	0	well 7	1.909520e+01
Aspartic acid	23	6.5	6	well 8	1.809070e+01
Aspartic acid	24	6.5	22	well 9	1.752810e+01
Aspartic acid	34	23.25	0	well 4	2.665320e+01
Aspartic acid	35	23.25	6	well 5	2.350150e+01
Aspartic acid	36	23.25	22	well 6	2.300910e+01
Aspartic acid	37	23.25	0	well 7	2.775970e+01
Aspartic acid	38	23.25	6	well 8	2.335260e+01
Aspartic acid	39	23.25	22	well 9	2.251110e+01
Aspartic acid	40	23.25	0	well 10	2.628980e+01
Aspartic acid	41	23.25	6	well 11	2.277060e+01
Aspartic acid	42	23.25	22	well 12	2.293860e+01
Aspartic acid	49	30.25	0	well 7	3.520940e+01
Aspartic acid	50	30.25	6	well 8	2.425910e+01
Aspartic acid	51	30.25	22	well 9	2.412770e+01
Aspartic acid	52	30.25	0	well 10	3.270790e+01
Aspartic acid	53	30.25	6	well 11	2.481920e+01
Aspartic acid	54	30.25	22	well 12	2.462190e+01
Aspartic acid	55	30.25	0	well 13	3.234210e+01
Aspartic acid	56	30.25	6	well 14	2.481320e+01
Aspartic acid	57	30.25	22	well 15	2.297940e+01
Aspartic acid	61	47.5	0	well 7	4.217740e+01
Aspartic acid	62	47.5	6	well 8	2.781410e+01
Aspartic acid	63	47.5	22	well 9	2.761950e+01
Aspartic acid	64	47.5	0	well 10	4.127970e+01
Aspartic acid	65	47.5	6	well 11	2.690630e+01
Aspartic acid	66	47.5	22	well 12	2.612030e+01
Aspartic acid	67	47.5	0	well 13	3.999030e+01
Aspartic acid	68	47.5	6	well 14	2.764970e+01
Aspartic acid	69	47.5	22	well 15	2.735610e+01
Threonine	22	6.5	0	well 7	7.033260e+02
Threonine	23	6.5	6	well 8	7.137484e+02
Threonine	24	6.5	22	well 9	6.874195e+02
Threonine	34	23.25	0	well 4	6.781282e+02
Threonine	35	23.25	6	well 5	6.711530e+02
Threonine	36	23.25	22	well 6	6.753753e+02
Threonine	37	23.25	0	well 7	6.558859e+02
Threonine	38	23.25	6	well 8	6.629528e+02
Threonine	39	23.25	22	well 9	6.482123e+02
Threonine	40	23.25	0	well 10	6.625754e+02
Threonine	41	23.25	6	well 11	6.508373e+02
Threonine	42	23.25	22	well 12	6.666019e+02
Threonine	49	30.25	0	well 7	6.613436e+02
Threonine	50	30.25	6	well 8	6.356050e+02
Threonine	51	30.25	22	well 9	6.283965e+02
Threonine	52	30.25	0	well 10	6.711056e+02
Threonine	53	30.25	6	well 11	6.402824e+02
Threonine	54	30.25	22	well 12	6.566454e+02
Threonine	55	30.25	0	well 13	6.456852e+02
Threonine	56	30.25	6	well 14	6.475492e+02
Threonine	57	30.25	22	well 15	6.215381e+02
Threonine	61	47.5	0	well 7	6.346409e+02
Threonine	62	47.5	6	well 8	5.776035e+02
Threonine	63	47.5	22	well 9	5.679828e+02
Threonine	64	47.5	0	well 10	6.229382e+02
Threonine	65	47.5	6	well 11	5.992471e+02
Threonine	66	47.5	22	well 12	5.642976e+02
Threonine	67	47.5	0	well 13	6.249610e+02
Threonine	68	47.5	6	well 14	5.888449e+02
Threonine	69	47.5	22	well 15	5.849444e+02
Serine	22	6.5	0	well 7	3.449080e+02
Serine	23	6.5	6	well 8	3.526755e+02
Serine	24	6.5	22	well 9	3.397453e+02
Serine	34	23.25	0	well 4	2.937642e+02
Serine	35	23.25	6	well 5	2.820093e+02
Serine	36	23.25	22	well 6	2.859215e+02
Serine	37	23.25	0	well 7	2.799933e+02
Serine	38	23.25	6	well 8	2.785829e+02
Serine	39	23.25	22	well 9	2.709819e+02
Serine	40	23.25	0	well 10	2.882859e+02
Serine	41	23.25	6	well 11	2.778159e+02
Serine	42	23.25	22	well 12	2.817001e+02
Serine	49	30.25	0	well 7	2.671323e+02
Serine	50	30.25	6	well 8	2.491376e+02
Serine	51	30.25	22	well 9	2.408244e+02
Serine	52	30.25	0	well 10	2.772982e+02
Serine	53	30.25	6	well 11	2.575413e+02
Serine	54	30.25	22	well 12	2.600938e+02
Serine	55	30.25	0	well 13	2.646021e+02
Serine	56	30.25	6	well 14	2.563328e+02
Serine	57	30.25	22	well 15	2.433432e+02
Serine	61	47.5	0	well 7	2.529779e+02
Serine	62	47.5	6	well 8	1.935092e+02
Serine	63	47.5	22	well 9	1.782669e+02
Serine	64	47.5	0	well 10	2.511782e+02
Serine	65	47.5	6	well 11	2.065614e+02
Serine	66	47.5	22	well 12	1.954059e+02
Serine	67	47.5	0	well 13	2.527411e+02
Serine	68	47.5	6	well 14	2.036991e+02
Serine	69	47.5	22	well 15	2.048431e+02
Asparagine	22	6.5	0	well 7	1.101500e+00
Asparagine	23	6.5	6	well 8	1.635200e+00
Asparagine	24	6.5	22	well 9	1.514100e+00
Asparagine	34	23.25	0	well 4	3.921300e+00
Asparagine	35	23.25	6	well 5	2.147500e+00
Asparagine	36	23.25	22	well 6	2.364800e+00
Asparagine	37	23.25	0	well 7	3.894900e+00
Asparagine	38	23.25	6	well 8	2.129800e+00
Asparagine	39	23.25	22	well 9	2.483700e+00
Asparagine	40	23.25	0	well 10	5.134200e+00
Asparagine	41	23.25	6	well 11	1.957300e+00
Asparagine	42	23.25	22	well 12	1.536100e+00
Asparagine	49	30.25	0	well 7	8.621000e+00
Asparagine	50	30.25	6	well 8	2.163300e+00
Asparagine	51	30.25	22	well 9	1.768400e+00
Asparagine	52	30.25	0	well 10	8.171500e+00
Asparagine	53	30.25	6	well 11	2.716900e+00
Asparagine	54	30.25	22	well 12	5.381600e+00
Asparagine	55	30.25	0	well 13	7.607500e+00
Asparagine	56	30.25	6	well 14	3.078100e+00
Asparagine	57	30.25	22	well 15	1.804300e+00
Asparagine	61	47.5	0	well 7	8.441600e+00
Asparagine	62	47.5	6	well 8	1.453900e+00
Asparagine	63	47.5	22	well 9	8.448000e-01
Asparagine	64	47.5	0	well 10	8.020100e+00
Asparagine	65	47.5	6	well 11	9.700000e-01
Asparagine	66	47.5	22	well 12	5.480000e-01
Asparagine	67	47.5	0	well 13	8.354600e+00
Asparagine	68	47.5	6	well 14	1.232600e+00
Asparagine	69	47.5	22	well 15	2.679200e+00
Glutamic acid	22	6.5	0	well 7	1.251285e+02
Glutamic acid	23	6.5	6	well 8	1.333436e+02
Glutamic acid	24	6.5	22	well 9	1.266985e+02
Glutamic acid	34	23.25	0	well 4	2.322359e+02
Glutamic acid	35	23.25	6	well 5	2.344781e+02
Glutamic acid	36	23.25	22	well 6	2.298506e+02
Glutamic acid	37	23.25	0	well 7	2.423353e+02
Glutamic acid	38	23.25	6	well 8	2.374932e+02
Glutamic acid	39	23.25	22	well 9	2.335109e+02
Glutamic acid	40	23.25	0	well 10	2.318182e+02
Glutamic acid	41	23.25	6	well 11	2.269564e+02
Glutamic acid	42	23.25	22	well 12	2.348932e+02
Glutamic acid	49	30.25	0	well 7	3.153694e+02
Glutamic acid	50	30.25	6	well 8	2.788762e+02
Glutamic acid	51	30.25	22	well 9	2.759712e+02
Glutamic acid	52	30.25	0	well 10	3.007904e+02
Glutamic acid	53	30.25	6	well 11	2.722775e+02
Glutamic acid	54	30.25	22	well 12	2.842533e+02
Glutamic acid	55	30.25	0	well 13	2.936994e+02
Glutamic acid	56	30.25	6	well 14	2.769519e+02
Glutamic acid	57	30.25	22	well 15	2.686944e+02
Glutamic acid	61	47.5	0	well 7	4.674895e+02
Glutamic acid	62	47.5	6	well 8	3.883383e+02
Glutamic acid	63	47.5	22	well 9	3.898068e+02
Glutamic acid	64	47.5	0	well 10	4.457000e+02
Glutamic acid	65	47.5	6	well 11	3.944766e+02
Glutamic acid	66	47.5	22	well 12	3.752481e+02
Glutamic acid	67	47.5	0	well 13	4.474555e+02
Glutamic acid	68	47.5	6	well 14	3.849895e+02
Glutamic acid	69	47.5	22	well 15	3.895048e+02
Glutamine	22	6.5	0	well 7	1.458256e+03
Glutamine	23	6.5	6	well 8	1.527391e+03
Glutamine	24	6.5	22	well 9	1.452478e+03
Glutamine	34	23.25	0	well 4	9.667634e+02
Glutamine	35	23.25	6	well 5	1.026237e+03
Glutamine	36	23.25	22	well 6	1.041680e+03
Glutamine	37	23.25	0	well 7	8.954687e+02
Glutamine	38	23.25	6	well 8	1.011630e+03
Glutamine	39	23.25	22	well 9	9.713889e+02
Glutamine	40	23.25	0	well 10	9.346915e+02
Glutamine	41	23.25	6	well 11	9.912166e+02
Glutamine	42	23.25	22	well 12	9.894678e+02
Glutamine	49	30.25	0	well 7	6.397001e+02
Glutamine	50	30.25	6	well 8	7.811319e+02
Glutamine	51	30.25	22	well 9	7.513184e+02
Glutamine	52	30.25	0	well 10	7.022629e+02
Glutamine	53	30.25	6	well 11	7.945065e+02
Glutamine	54	30.25	22	well 12	7.862516e+02
Glutamine	55	30.25	0	well 13	6.561152e+02
Glutamine	56	30.25	6	well 14	7.624117e+02
Glutamine	57	30.25	22	well 15	7.482136e+02
Glutamine	61	47.5	0	well 7	3.408320e+01
Glutamine	62	47.5	6	well 8	2.436100e+02
Glutamine	63	47.5	22	well 9	2.110253e+02
Glutamine	64	47.5	0	well 10	6.059550e+01
Glutamine	65	47.5	6	well 11	2.672221e+02
Glutamine	66	47.5	22	well 12	2.308372e+02
Glutamine	67	47.5	0	well 13	4.978790e+01
Glutamine	68	47.5	6	well 14	2.379650e+02
Glutamine	69	47.5	22	well 15	2.518547e+02
Proline	22	6.5	0	well 7	3.127160e+01
Proline	23	6.5	6	well 8	3.052920e+01
Proline	24	6.5	22	well 9	2.867380e+01
Proline	34	23.25	0	well 4	6.632830e+01
Proline	35	23.25	6	well 5	7.294720e+01
Proline	36	23.25	22	well 6	7.140920e+01
Proline	37	23.25	0	well 7	6.640080e+01
Proline	38	23.25	6	well 8	7.335250e+01
Proline	39	23.25	22	well 9	7.663880e+01
Proline	40	23.25	0	well 10	6.511770e+01
Proline	41	23.25	6	well 11	7.274050e+01
Proline	42	23.25	22	well 12	7.514620e+01
Proline	49	30.25	0	well 7	8.916470e+01
Proline	50	30.25	6	well 8	9.226650e+01
Proline	51	30.25	22	well 9	8.965820e+01
Proline	52	30.25	0	well 10	8.867320e+01
Proline	53	30.25	6	well 11	9.506310e+01
Proline	54	30.25	22	well 12	9.792560e+01
Proline	55	30.25	0	well 13	8.390860e+01
Proline	56	30.25	6	well 14	1.002790e+02
Proline	57	30.25	22	well 15	8.826820e+01
Proline	61	47.5	0	well 7	1.310063e+02
Proline	62	47.5	6	well 8	1.702871e+02
Proline	63	47.5	22	well 9	1.718429e+02
Proline	64	47.5	0	well 10	1.224267e+02
Proline	65	47.5	6	well 11	1.701371e+02
Proline	66	47.5	22	well 12	1.701258e+02
Proline	67	47.5	0	well 13	1.281504e+02
Proline	68	47.5	6	well 14	1.715900e+02
Proline	69	47.5	22	well 15	1.685523e+02
Glycine	22	6.5	0	well 7	4.036958e+02
Glycine	23	6.5	6	well 8	4.070671e+02
Glycine	24	6.5	22	well 9	3.885657e+02
Glycine	34	23.25	0	well 4	4.550155e+02
Glycine	35	23.25	6	well 5	4.206053e+02
Glycine	36	23.25	22	well 6	4.205804e+02
Glycine	37	23.25	0	well 7	4.501344e+02
Glycine	38	23.25	6	well 8	4.154190e+02
Glycine	39	23.25	22	well 9	4.073190e+02
Glycine	40	23.25	0	well 10	4.457366e+02
Glycine	41	23.25	6	well 11	4.086804e+02
Glycine	42	23.25	22	well 12	4.182545e+02
Glycine	49	30.25	0	well 7	4.935739e+02
Glycine	50	30.25	6	well 8	4.147003e+02
Glycine	51	30.25	22	well 9	4.116311e+02
Glycine	52	30.25	0	well 10	4.905966e+02
Glycine	53	30.25	6	well 11	4.164721e+02
Glycine	54	30.25	22	well 12	4.263126e+02
Glycine	55	30.25	0	well 13	4.747207e+02
Glycine	56	30.25	6	well 14	4.218705e+02
Glycine	57	30.25	22	well 15	4.037684e+02
Glycine	61	47.5	0	well 7	6.279838e+02
Glycine	62	47.5	6	well 8	4.201199e+02
Glycine	63	47.5	22	well 9	4.148119e+02
Glycine	64	47.5	0	well 10	6.047670e+02
Glycine	65	47.5	6	well 11	4.439301e+02
Glycine	66	47.5	22	well 12	4.013504e+02
Glycine	67	47.5	0	well 13	6.056211e+02
Glycine	68	47.5	6	well 14	4.309833e+02
Glycine	69	47.5	22	well 15	4.111417e+02
Alanine	22	6.5	0	well 7	1.217458e+02
Alanine	23	6.5	6	well 8	1.335911e+02
Alanine	24	6.5	22	well 9	1.253393e+02
Alanine	34	23.25	0	well 4	1.783295e+02
Alanine	35	23.25	6	well 5	2.892436e+02
Alanine	36	23.25	22	well 6	2.720986e+02
Alanine	37	23.25	0	well 7	1.792682e+02
Alanine	38	23.25	6	well 8	2.881144e+02
Alanine	39	23.25	22	well 9	2.740886e+02
Alanine	40	23.25	0	well 10	1.776049e+02
Alanine	41	23.25	6	well 11	2.883913e+02
Alanine	42	23.25	22	well 12	2.884434e+02
Alanine	49	30.25	0	well 7	2.002620e+02
Alanine	50	30.25	6	well 8	3.739300e+02
Alanine	51	30.25	22	well 9	3.613768e+02
Alanine	52	30.25	0	well 10	2.052564e+02
Alanine	53	30.25	6	well 11	3.817948e+02
Alanine	54	30.25	22	well 12	3.832019e+02
Alanine	55	30.25	0	well 13	1.935430e+02
Alanine	56	30.25	6	well 14	3.795585e+02
Alanine	57	30.25	22	well 15	3.508455e+02
Alanine	61	47.5	0	well 7	1.170191e+02
Alanine	62	47.5	6	well 8	5.430364e+02
Alanine	63	47.5	22	well 9	5.316013e+02
Alanine	64	47.5	0	well 10	1.526853e+02
Alanine	65	47.5	6	well 11	5.823001e+02
Alanine	66	47.5	22	well 12	5.294826e+02
Alanine	67	47.5	0	well 13	1.374774e+02
Alanine	68	47.5	6	well 14	5.490360e+02
Alanine	69	47.5	22	well 15	5.216934e+02
Citrulline	22	6.5	0	well 7	8.838600e+00
Citrulline	23	6.5	6	well 8	9.498800e+00
Citrulline	24	6.5	22	well 9	7.255400e+00
Citrulline	34	23.25	0	well 4	7.229400e+00
Citrulline	35	23.25	6	well 5	7.827300e+00
Citrulline	36	23.25	22	well 6	7.649100e+00
Citrulline	37	23.25	0	well 7	8.058300e+00
Citrulline	38	23.25	6	well 8	8.237200e+00
Citrulline	39	23.25	22	well 9	8.325200e+00
Citrulline	40	23.25	0	well 10	6.497900e+00
Citrulline	41	23.25	6	well 11	8.096700e+00
Citrulline	42	23.25	22	well 12	7.409200e+00
Citrulline	49	30.25	0	well 7	7.873900e+00
Citrulline	50	30.25	6	well 8	8.384100e+00
Citrulline	51	30.25	22	well 9	8.050000e+00
Citrulline	52	30.25	0	well 10	7.959800e+00
Citrulline	53	30.25	6	well 11	7.498100e+00
Citrulline	54	30.25	22	well 12	8.016300e+00
Citrulline	55	30.25	0	well 13	7.902000e+00
Citrulline	56	30.25	6	well 14	7.622800e+00
Citrulline	57	30.25	22	well 15	7.492800e+00
Citrulline	61	47.5	0	well 7	6.579800e+00
Citrulline	62	47.5	6	well 8	6.884300e+00
Citrulline	63	47.5	22	well 9	6.340200e+00
Citrulline	64	47.5	0	well 10	7.048000e+00
Citrulline	65	47.5	6	well 11	6.500300e+00
Citrulline	66	47.5	22	well 12	6.264300e+00
Citrulline	67	47.5	0	well 13	5.747900e+00
Citrulline	68	47.5	6	well 14	6.751900e+00
Citrulline	69	47.5	22	well 15	6.312600e+00
Butyrate	22	6.5	0	well 7	3.286300e+00
Butyrate	23	6.5	6	well 8	3.540400e+00
Butyrate	24	6.5	22	well 9	1.999500e+00
Butyrate	34	23.25	0	well 4	2.398600e+00
Butyrate	35	23.25	6	well 5	2.629600e+00
Butyrate	36	23.25	22	well 6	2.787900e+00
Butyrate	37	23.25	0	well 7	2.815700e+00
Butyrate	38	23.25	6	well 8	3.580500e+00
Butyrate	39	23.25	22	well 9	2.547000e+00
Butyrate	40	23.25	0	well 10	2.538500e+00
Butyrate	41	23.25	6	well 11	2.809400e+00
Butyrate	42	23.25	22	well 12	2.834000e+00
Butyrate	49	30.25	0	well 7	2.787500e+00
Butyrate	50	30.25	6	well 8	3.451900e+00
Butyrate	51	30.25	22	well 9	2.795600e+00
Butyrate	52	30.25	0	well 10	2.897700e+00
Butyrate	53	30.25	6	well 11	2.686600e+00
Butyrate	54	30.25	22	well 12	3.624500e+00
Butyrate	55	30.25	0	well 13	2.277700e+00
Butyrate	56	30.25	6	well 14	3.410200e+00
Butyrate	57	30.25	22	well 15	2.653200e+00
Butyrate	61	47.5	0	well 7	2.838300e+00
Butyrate	62	47.5	6	well 8	2.464200e+00
Butyrate	63	47.5	22	well 9	2.106600e+00
Butyrate	64	47.5	0	well 10	2.655700e+00
Butyrate	65	47.5	6	well 11	3.297800e+00
Butyrate	66	47.5	22	well 12	1.810900e+00
Butyrate	67	47.5	0	well 13	2.547000e+00
Butyrate	68	47.5	6	well 14	2.699100e+00
Butyrate	69	47.5	22	well 15	2.569400e+00
Valine	22	6.5	0	well 7	6.651382e+02
Valine	23	6.5	6	well 8	6.770509e+02
Valine	24	6.5	22	well 9	6.479079e+02
Valine	34	23.25	0	well 4	6.029946e+02
Valine	35	23.25	6	well 5	5.915993e+02
Valine	36	23.25	22	well 6	6.027144e+02
Valine	37	23.25	0	well 7	5.791393e+02
Valine	38	23.25	6	well 8	5.897618e+02
Valine	39	23.25	22	well 9	5.765195e+02
Valine	40	23.25	0	well 10	5.894967e+02
Valine	41	23.25	6	well 11	5.774208e+02
Valine	42	23.25	22	well 12	5.896567e+02
Valine	49	30.25	0	well 7	5.603939e+02
Valine	50	30.25	6	well 8	5.445334e+02
Valine	51	30.25	22	well 9	5.381437e+02
Valine	52	30.25	0	well 10	5.770043e+02
Valine	53	30.25	6	well 11	5.507421e+02
Valine	54	30.25	22	well 12	5.612070e+02
Valine	55	30.25	0	well 13	5.506385e+02
Valine	56	30.25	6	well 14	5.534688e+02
Valine	57	30.25	22	well 15	5.341131e+02
Valine	61	47.5	0	well 7	4.728859e+02
Valine	62	47.5	6	well 8	4.300916e+02
Valine	63	47.5	22	well 9	4.283084e+02
Valine	64	47.5	0	well 10	4.770759e+02
Valine	65	47.5	6	well 11	4.538895e+02
Valine	66	47.5	22	well 12	4.240524e+02
Valine	67	47.5	0	well 13	4.729201e+02
Valine	68	47.5	6	well 14	4.379748e+02
Valine	69	47.5	22	well 15	4.416006e+02
Cystine	22	6.5	0	well 7	1.621526e+02
Cystine	23	6.5	6	well 8	1.634662e+02
Cystine	24	6.5	22	well 9	1.578489e+02
Cystine	34	23.25	0	well 4	1.136828e+02
Cystine	35	23.25	6	well 5	1.052651e+02
Cystine	36	23.25	22	well 6	1.092205e+02
Cystine	37	23.25	0	well 7	1.064917e+02
Cystine	38	23.25	6	well 8	1.031369e+02
Cystine	39	23.25	22	well 9	1.002609e+02
Cystine	40	23.25	0	well 10	1.101430e+02
Cystine	41	23.25	6	well 11	1.040928e+02
Cystine	42	23.25	22	well 12	1.057230e+02
Cystine	49	30.25	0	well 7	7.991770e+01
Cystine	50	30.25	6	well 8	7.972120e+01
Cystine	51	30.25	22	well 9	7.689430e+01
Cystine	52	30.25	0	well 10	9.015990e+01
Cystine	53	30.25	6	well 11	8.265270e+01
Cystine	54	30.25	22	well 12	8.326120e+01
Cystine	55	30.25	0	well 13	8.450800e+01
Cystine	56	30.25	6	well 14	8.416260e+01
Cystine	57	30.25	22	well 15	7.896470e+01
Cystine	61	47.5	0	well 7	2.844520e+01
Cystine	62	47.5	6	well 8	3.055270e+01
Cystine	63	47.5	22	well 9	2.837260e+01
Cystine	64	47.5	0	well 10	3.231610e+01
Cystine	65	47.5	6	well 11	3.492360e+01
Cystine	66	47.5	22	well 12	2.986080e+01
Cystine	67	47.5	0	well 13	3.097210e+01
Cystine	68	47.5	6	well 14	3.230550e+01
Cystine	69	47.5	22	well 15	3.081410e+01
Methionine	22	6.5	0	well 7	1.488356e+02
Methionine	23	6.5	6	well 8	1.543366e+02
Methionine	24	6.5	22	well 9	1.461233e+02
Methionine	34	23.25	0	well 4	1.390605e+02
Methionine	35	23.25	6	well 5	1.361024e+02
Methionine	36	23.25	22	well 6	1.386849e+02
Methionine	37	23.25	0	well 7	1.345698e+02
Methionine	38	23.25	6	well 8	1.351055e+02
Methionine	39	23.25	22	well 9	1.324930e+02
Methionine	40	23.25	0	well 10	1.362905e+02
Methionine	41	23.25	6	well 11	1.338989e+02
Methionine	42	23.25	22	well 12	1.367645e+02
Methionine	49	30.25	0	well 7	1.303082e+02
Methionine	50	30.25	6	well 8	1.258099e+02
Methionine	51	30.25	22	well 9	1.240293e+02
Methionine	52	30.25	0	well 10	1.352499e+02
Methionine	53	30.25	6	well 11	1.283967e+02
Methionine	54	30.25	22	well 12	1.297545e+02
Methionine	55	30.25	0	well 13	1.275201e+02
Methionine	56	30.25	6	well 14	1.277313e+02
Methionine	57	30.25	22	well 15	1.237774e+02
Methionine	61	47.5	0	well 7	1.148173e+02
Methionine	62	47.5	6	well 8	9.809400e+01
Methionine	63	47.5	22	well 9	1.004878e+02
Methionine	64	47.5	0	well 10	1.186958e+02
Methionine	65	47.5	6	well 11	1.045549e+02
Methionine	66	47.5	22	well 12	9.776860e+01
Methionine	67	47.5	0	well 13	1.147245e+02
Methionine	68	47.5	6	well 14	1.019988e+02
Methionine	69	47.5	22	well 15	1.022174e+02
Iso-leucine	22	6.5	0	well 7	6.326653e+02
Iso-leucine	23	6.5	6	well 8	6.449379e+02
Iso-leucine	24	6.5	22	well 9	6.225964e+02
Iso-leucine	34	23.25	0	well 4	5.244665e+02
Iso-leucine	35	23.25	6	well 5	5.217699e+02
Iso-leucine	36	23.25	22	well 6	5.336104e+02
Iso-leucine	37	23.25	0	well 7	5.002953e+02
Iso-leucine	38	23.25	6	well 8	5.176831e+02
Iso-leucine	39	23.25	22	well 9	5.074262e+02
Iso-leucine	40	23.25	0	well 10	5.100162e+02
Iso-leucine	41	23.25	6	well 11	5.089983e+02
Iso-leucine	42	23.25	22	well 12	5.211826e+02
Iso-leucine	49	30.25	0	well 7	4.701152e+02
Iso-leucine	50	30.25	6	well 8	4.703376e+02
Iso-leucine	51	30.25	22	well 9	4.644854e+02
Iso-leucine	52	30.25	0	well 10	4.845620e+02
Iso-leucine	53	30.25	6	well 11	4.745532e+02
Iso-leucine	54	30.25	22	well 12	4.851908e+02
Iso-leucine	55	30.25	0	well 13	4.616952e+02
Iso-leucine	56	30.25	6	well 14	4.770608e+02
Iso-leucine	57	30.25	22	well 15	4.622198e+02
Iso-leucine	61	47.5	0	well 7	3.775764e+02
Iso-leucine	62	47.5	6	well 8	3.614318e+02
Iso-leucine	63	47.5	22	well 9	3.642658e+02
Iso-leucine	64	47.5	0	well 10	3.862841e+02
Iso-leucine	65	47.5	6	well 11	3.788368e+02
Iso-leucine	66	47.5	22	well 12	3.600459e+02
Iso-leucine	67	47.5	0	well 13	3.820914e+02
Iso-leucine	68	47.5	6	well 14	3.708198e+02
Iso-leucine	69	47.5	22	well 15	3.702201e+02
Leucine	22	6.5	0	well 7	6.198315e+02
Leucine	23	6.5	6	well 8	6.240490e+02
Leucine	24	6.5	22	well 9	6.019586e+02
Leucine	34	23.25	0	well 4	5.120194e+02
Leucine	35	23.25	6	well 5	5.025734e+02
Leucine	36	23.25	22	well 6	5.145756e+02
Leucine	37	23.25	0	well 7	4.888630e+02
Leucine	38	23.25	6	well 8	5.000351e+02
Leucine	39	23.25	22	well 9	4.898429e+02
Leucine	40	23.25	0	well 10	4.982437e+02
Leucine	41	23.25	6	well 11	4.904331e+02
Leucine	42	23.25	22	well 12	5.020084e+02
Leucine	49	30.25	0	well 7	4.572970e+02
Leucine	50	30.25	6	well 8	4.479905e+02
Leucine	51	30.25	22	well 9	4.403021e+02
Leucine	52	30.25	0	well 10	4.701134e+02
Leucine	53	30.25	6	well 11	4.515195e+02
Leucine	54	30.25	22	well 12	4.601933e+02
Leucine	55	30.25	0	well 13	4.498292e+02
Leucine	56	30.25	6	well 14	4.542370e+02
Leucine	57	30.25	22	well 15	4.397779e+02
Leucine	61	47.5	0	well 7	3.539120e+02
Leucine	62	47.5	6	well 8	3.203343e+02
Leucine	63	47.5	22	well 9	3.231012e+02
Leucine	64	47.5	0	well 10	3.660054e+02
Leucine	65	47.5	6	well 11	3.324423e+02
Leucine	66	47.5	22	well 12	3.191386e+02
Leucine	67	47.5	0	well 13	3.598843e+02
Leucine	68	47.5	6	well 14	3.304750e+02
Leucine	69	47.5	22	well 15	3.302935e+02
Tyrosine	22	6.5	0	well 7	3.481103e+02
Tyrosine	23	6.5	6	well 8	3.513231e+02
Tyrosine	24	6.5	22	well 9	3.383626e+02
Tyrosine	34	23.25	0	well 4	3.428224e+02
Tyrosine	35	23.25	6	well 5	3.412665e+02
Tyrosine	36	23.25	22	well 6	3.411290e+02
Tyrosine	37	23.25	0	well 7	3.337786e+02
Tyrosine	38	23.25	6	well 8	3.403080e+02
Tyrosine	39	23.25	22	well 9	3.296100e+02
Tyrosine	40	23.25	0	well 10	3.341064e+02
Tyrosine	41	23.25	6	well 11	3.373201e+02
Tyrosine	42	23.25	22	well 12	3.403999e+02
Tyrosine	49	30.25	0	well 7	3.428394e+02
Tyrosine	50	30.25	6	well 8	3.386974e+02
Tyrosine	51	30.25	22	well 9	3.242586e+02
Tyrosine	52	30.25	0	well 10	3.432051e+02
Tyrosine	53	30.25	6	well 11	3.419193e+02
Tyrosine	54	30.25	22	well 12	3.418451e+02
Tyrosine	55	30.25	0	well 13	3.320004e+02
Tyrosine	56	30.25	6	well 14	3.410859e+02
Tyrosine	57	30.25	22	well 15	3.264309e+02
Tyrosine	61	47.5	0	well 7	3.523070e+02
Tyrosine	62	47.5	6	well 8	3.354611e+02
Tyrosine	63	47.5	22	well 9	3.380932e+02
Tyrosine	64	47.5	0	well 10	3.468822e+02
Tyrosine	65	47.5	6	well 11	3.485438e+02
Tyrosine	66	47.5	22	well 12	3.324002e+02
Tyrosine	67	47.5	0	well 13	3.474809e+02
Tyrosine	68	47.5	6	well 14	3.428211e+02
Tyrosine	69	47.5	22	well 15	3.411310e+02
Phenylalanine	22	6.5	0	well 7	3.424589e+02
Phenylalanine	23	6.5	6	well 8	3.503148e+02
Phenylalanine	24	6.5	22	well 9	3.363198e+02
Phenylalanine	34	23.25	0	well 4	3.190746e+02
Phenylalanine	35	23.25	6	well 5	3.103356e+02
Phenylalanine	36	23.25	22	well 6	3.157247e+02
Phenylalanine	37	23.25	0	well 7	3.067904e+02
Phenylalanine	38	23.25	6	well 8	3.074923e+02
Phenylalanine	39	23.25	22	well 9	3.005687e+02
Phenylalanine	40	23.25	0	well 10	3.080859e+02
Phenylalanine	41	23.25	6	well 11	3.010194e+02
Phenylalanine	42	23.25	22	well 12	3.075003e+02
Phenylalanine	49	30.25	0	well 7	2.972068e+02
Phenylalanine	50	30.25	6	well 8	2.823009e+02
Phenylalanine	51	30.25	22	well 9	2.763695e+02
Phenylalanine	52	30.25	0	well 10	3.053302e+02
Phenylalanine	53	30.25	6	well 11	2.834504e+02
Phenylalanine	54	30.25	22	well 12	2.889822e+02
Phenylalanine	55	30.25	0	well 13	2.911704e+02
Phenylalanine	56	30.25	6	well 14	2.850571e+02
Phenylalanine	57	30.25	22	well 15	2.752571e+02
Phenylalanine	61	47.5	0	well 7	2.486525e+02
Phenylalanine	62	47.5	6	well 8	2.055511e+02
Phenylalanine	63	47.5	22	well 9	2.030638e+02
Phenylalanine	64	47.5	0	well 10	2.535850e+02
Phenylalanine	65	47.5	6	well 11	2.154615e+02
Phenylalanine	66	47.5	22	well 12	2.008057e+02
Phenylalanine	67	47.5	0	well 13	2.482637e+02
Phenylalanine	68	47.5	6	well 14	2.078135e+02
Phenylalanine	69	47.5	22	well 15	2.075384e+02
Ornithine	22	6.5	0	well 7	2.550020e+01
Ornithine	23	6.5	6	well 8	2.566710e+01
Ornithine	24	6.5	22	well 9	2.407300e+01
Ornithine	34	23.25	0	well 4	3.589860e+01
Ornithine	35	23.25	6	well 5	3.538910e+01
Ornithine	36	23.25	22	well 6	3.490630e+01
Ornithine	37	23.25	0	well 7	3.696420e+01
Ornithine	38	23.25	6	well 8	3.481990e+01
Ornithine	39	23.25	22	well 9	3.439260e+01
Ornithine	40	23.25	0	well 10	3.608750e+01
Ornithine	41	23.25	6	well 11	3.445300e+01
Ornithine	42	23.25	22	well 12	3.525510e+01
Ornithine	49	30.25	0	well 7	4.439740e+01
Ornithine	50	30.25	6	well 8	3.868630e+01
Ornithine	51	30.25	22	well 9	3.831160e+01
Ornithine	52	30.25	0	well 10	4.323460e+01
Ornithine	53	30.25	6	well 11	3.929330e+01
Ornithine	54	30.25	22	well 12	3.988990e+01
Ornithine	55	30.25	0	well 13	4.042880e+01
Ornithine	56	30.25	6	well 14	3.927190e+01
Ornithine	57	30.25	22	well 15	3.706540e+01
Ornithine	61	47.5	0	well 7	6.355820e+01
Ornithine	62	47.5	6	well 8	5.155080e+01
Ornithine	63	47.5	22	well 9	5.089550e+01
Ornithine	64	47.5	0	well 10	6.006210e+01
Ornithine	65	47.5	6	well 11	5.315790e+01
Ornithine	66	47.5	22	well 12	4.973490e+01
Ornithine	67	47.5	0	well 13	6.012090e+01
Ornithine	68	47.5	6	well 14	5.245270e+01
Ornithine	69	47.5	22	well 15	5.193370e+01
Lysine	22	6.5	0	well 7	6.743832e+02
Lysine	23	6.5	6	well 8	6.821575e+02
Lysine	24	6.5	22	well 9	6.583626e+02
Lysine	34	23.25	0	well 4	6.418410e+02
Lysine	35	23.25	6	well 5	6.310919e+02
Lysine	36	23.25	22	well 6	6.392682e+02
Lysine	37	23.25	0	well 7	6.217269e+02
Lysine	38	23.25	6	well 8	6.229778e+02
Lysine	39	23.25	22	well 9	6.094606e+02
Lysine	40	23.25	0	well 10	6.268811e+02
Lysine	41	23.25	6	well 11	6.135243e+02
Lysine	42	23.25	22	well 12	6.270999e+02
Lysine	49	30.25	0	well 7	6.188471e+02
Lysine	50	30.25	6	well 8	5.937414e+02
Lysine	51	30.25	22	well 9	5.837372e+02
Lysine	52	30.25	0	well 10	6.278546e+02
Lysine	53	30.25	6	well 11	5.998240e+02
Lysine	54	30.25	22	well 12	6.101174e+02
Lysine	55	30.25	0	well 13	6.028565e+02
Lysine	56	30.25	6	well 14	6.028282e+02
Lysine	57	30.25	22	well 15	5.784904e+02
Lysine	61	47.5	0	well 7	5.748830e+02
Lysine	62	47.5	6	well 8	5.100433e+02
Lysine	63	47.5	22	well 9	5.102182e+02
Lysine	64	47.5	0	well 10	5.773947e+02
Lysine	65	47.5	6	well 11	5.386436e+02
Lysine	66	47.5	22	well 12	5.082099e+02
Lysine	67	47.5	0	well 13	5.726847e+02
Lysine	68	47.5	6	well 14	5.230354e+02
Lysine	69	47.5	22	well 15	5.234259e+02
Histidine	22	6.5	0	well 7	1.731984e+02
Histidine	23	6.5	6	well 8	1.772416e+02
Histidine	24	6.5	22	well 9	1.693585e+02
Histidine	34	23.25	0	well 4	1.636909e+02
Histidine	35	23.25	6	well 5	1.608889e+02
Histidine	36	23.25	22	well 6	1.630811e+02
Histidine	37	23.25	0	well 7	1.584946e+02
Histidine	38	23.25	6	well 8	1.582402e+02
Histidine	39	23.25	22	well 9	1.552619e+02
Histidine	40	23.25	0	well 10	1.585865e+02
Histidine	41	23.25	6	well 11	1.557137e+02
Histidine	42	23.25	22	well 12	1.589676e+02
Histidine	49	30.25	0	well 7	1.553089e+02
Histidine	50	30.25	6	well 8	1.499719e+02
Histidine	51	30.25	22	well 9	1.461532e+02
Histidine	52	30.25	0	well 10	1.585721e+02
Histidine	53	30.25	6	well 11	1.518689e+02
Histidine	54	30.25	22	well 12	1.540722e+02
Histidine	55	30.25	0	well 13	1.526863e+02
Histidine	56	30.25	6	well 14	1.516170e+02
Histidine	57	30.25	22	well 15	1.457459e+02
Histidine	61	47.5	0	well 7	1.445263e+02
Histidine	62	47.5	6	well 8	1.259496e+02
Histidine	63	47.5	22	well 9	1.265930e+02
Histidine	64	47.5	0	well 10	1.447944e+02
Histidine	65	47.5	6	well 11	1.334153e+02
Histidine	66	47.5	22	well 12	1.248362e+02
Histidine	67	47.5	0	well 13	1.434633e+02
Histidine	68	47.5	6	well 14	1.285770e+02
Histidine	69	47.5	22	well 15	1.298574e+02
Tryptophan	22	6.5	0	well 7	8.151697e+01
Tryptophan	23	6.5	6	well 8	8.827521e+01
Tryptophan	24	6.5	22	well 9	8.151027e+01
Tryptophan	34	23.25	0	well 4	7.893368e+01
Tryptophan	35	23.25	6	well 5	7.893308e+01
Tryptophan	36	23.25	22	well 6	7.711298e+01
Tryptophan	37	23.25	0	well 7	7.714730e+01
Tryptophan	38	23.25	6	well 8	7.572027e+01
Tryptophan	39	23.25	22	well 9	7.252052e+01
Tryptophan	40	23.25	0	well 10	7.512859e+01
Tryptophan	41	23.25	6	well 11	7.369579e+01
Tryptophan	42	23.25	22	well 12	7.473088e+01
Tryptophan	49	30.25	0	well 7	7.306061e+01
Tryptophan	50	30.25	6	well 8	7.225592e+01
Tryptophan	51	30.25	22	well 9	6.775086e+01
Tryptophan	52	30.25	0	well 10	7.680674e+01
Tryptophan	53	30.25	6	well 11	7.348371e+01
Tryptophan	54	30.25	22	well 12	7.369607e+01
Tryptophan	55	30.25	0	well 13	7.501417e+01
Tryptophan	56	30.25	6	well 14	7.226490e+01
Tryptophan	57	30.25	22	well 15	7.119396e+01
Tryptophan	61	47.5	0	well 7	6.827826e+01
Tryptophan	62	47.5	6	well 8	5.792028e+01
Tryptophan	63	47.5	22	well 9	6.052919e+01
Tryptophan	64	47.5	0	well 10	7.238600e+01
Tryptophan	65	47.5	6	well 11	6.291704e+01
Tryptophan	66	47.5	22	well 12	5.904279e+01
Tryptophan	67	47.5	0	well 13	6.595425e+01
Tryptophan	68	47.5	6	well 14	5.909992e+01
Tryptophan	69	47.5	22	well 15	6.446440e+01
Arginine	22	6.5	0	well 7	3.183268e+02
Arginine	23	6.5	6	well 8	3.235389e+02
Arginine	24	6.5	22	well 9	3.124474e+02
Arginine	34	23.25	0	well 4	2.851931e+02
Arginine	35	23.25	6	well 5	2.777121e+02
Arginine	36	23.25	22	well 6	2.838089e+02
Arginine	37	23.25	0	well 7	2.730373e+02
Arginine	38	23.25	6	well 8	2.756877e+02
Arginine	39	23.25	22	well 9	2.667242e+02
Arginine	40	23.25	0	well 10	2.778224e+02
Arginine	41	23.25	6	well 11	2.713015e+02
Arginine	42	23.25	22	well 12	2.764071e+02
Arginine	49	30.25	0	well 7	2.592999e+02
Arginine	50	30.25	6	well 8	2.487742e+02
Arginine	51	30.25	22	well 9	2.431481e+02
Arginine	52	30.25	0	well 10	2.677187e+02
Arginine	53	30.25	6	well 11	2.521791e+02
Arginine	54	30.25	22	well 12	2.577783e+02
Arginine	55	30.25	0	well 13	2.575901e+02
Arginine	56	30.25	6	well 14	2.520209e+02
Arginine	57	30.25	22	well 15	2.440210e+02
Arginine	61	47.5	0	well 7	2.017140e+02
Arginine	62	47.5	6	well 8	1.685104e+02
Arginine	63	47.5	22	well 9	1.636478e+02
Arginine	64	47.5	0	well 10	2.059801e+02
Arginine	65	47.5	6	well 11	1.773104e+02
Arginine	66	47.5	22	well 12	1.655399e+02
Arginine	67	47.5	0	well 13	2.013971e+02
Arginine	68	47.5	6	well 14	1.736080e+02
Arginine	69	47.5	22	well 15	1.711060e+02